year	borough	num_level_1	num_level_3	demographic	number_tested	num_level_2	pct_level_3_and_4	mean_scale_score	num_level_4	pct_level_4	pct_level_3	pct_level_2	grade	pct_level_1	num_level_3_and_4
2006	BRONX	1143	7632	Not SWD	13647	2498	73.3	669	2374	17.4	55.9	18.3	3	8.4	10006
2006	BRONX	919	986	SWD	2798	759	40	638	134	4.8	35.2	27.1	3	32.8	1120
2007	BRONX	512	7783	Not SWD	13194	1815	82.4	680	3084	23.4	59	13.8	3	3.9	10867
2007	BRONX	733	1213	SWD	2995	825	48	647	224	7.5	40.5	27.5	3	24.5	1437
2008	BRONX	223	8837	Not SWD	12603	1219	88.6	682	2324	18.4	70.1	9.7	3	1.8	11161
2008	BRONX	447	1610	SWD	3033	842	57.5	654	134	4.4	53.1	27.8	3	14.7	1744
2009	BRONX	73	9286	Not SWD	12665	814	93	686	2492	19.7	73.3	6.4	3	0.6	11778
2009	BRONX	185	2009	SWD	3144	752	70.2	663	198	6.3	63.9	23.9	3	5.9	2207
2010	BRONX	1400	4013	Not SWD	12458	4953	49	687	2092	16.8	32.2	39.8	3	11.2	6105
2010	BRONX	1238	616	SWD	3408	1384	23.1	669	170	5	18.1	40.6	3	36.3	786
2011	BRONX	1452	5083	Not SWD	12524	5187	47	681	802	6.4	40.6	41.4	3	11.6	5885
2011	BRONX	1114	670	SWD	3296	1441	22.5	668	71	2.2	20.3	43.7	3	33.8	741
2012	BRONX	1544	5246	Not SWD	12695	5001	48.4	683	904	7.1	41.3	39.4	3	12.2	6150
2012	BRONX	1147	725	SWD	3368	1432	23.4	668	64	1.9	21.5	42.5	3	34.1	789
2006	BRONX	1122	6899	Not SWD	12963	3054	67.8	665	1888	14.6	53.2	23.6	4	8.7	8787
2006	BRONX	1090	803	SWD	2835	871	30.8	627	71	2.5	28.3	30.7	4	38.4	874
2007	BRONX	779	7139	Not SWD	12792	2801	72	669	2073	16.2	55.8	21.9	4	6.1	9212
2007	BRONX	1127	1063	SWD	3274	974	35.8	634	110	3.4	32.5	29.7	4	34.4	1173
2008	BRONX	527	7661	Not SWD	12426	2000	79.7	674	2238	18	61.7	16.1	4	4.2	9899
2008	BRONX	877	1349	SWD	3319	943	45.2	642	150	4.5	40.6	28.4	4	26.4	1499
2009	BRONX	346	7043	Not SWD	12130	1331	86.2	685	3410	28.1	58.1	11	4	2.9	10453
2009	BRONX	685	1588	SWD	3401	857	54.7	650	271	8	46.7	25.2	4	20.1	1859
2010	BRONX	698	4533	Not SWD	12442	5170	52.8	679	2041	16.4	36.4	41.6	4	5.6	6574
2010	BRONX	826	699	SWD	3464	1810	23.9	655	129	3.7	20.2	52.3	4	23.8	828
2011	BRONX	577	5008	Not SWD	12294	4633	57.6	681	2076	16.9	40.7	37.7	4	4.7	7084
2011	BRONX	954	792	SWD	3618	1766	24.8	654	106	2.9	21.9	48.8	4	26.4	898
2012	BRONX	613	4786	Not SWD	11941	4149	60.1	683	2393	20	40.1	34.7	4	5.1	7179
2012	BRONX	839	780	SWD	3432	1603	28.8	657	210	6.1	22.7	46.7	4	24.4	990
2006	BRONX	1735	6129	Not SWD	13575	4557	53.7	652	1154	8.5	45.1	33.6	5	12.8	7283
2006	BRONX	1240	569	SWD	2818	983	21.1	621	26	0.9	20.2	34.9	5	44	595
2007	BRONX	849	6979	Not SWD	13010	3620	65.6	663	1562	12	53.6	27.8	5	6.5	8541
2007	BRONX	1111	823	SWD	3250	1261	27	628	55	1.7	25.3	38.8	5	34.2	878
2008	BRONX	441	7611	Not SWD	12306	2246	78.2	671	2008	16.3	61.8	18.3	5	3.6	9619
2008	BRONX	795	1346	SWD	3456	1199	42.3	639	116	3.4	38.9	34.7	5	23	1462
2009	BRONX	216	7063	Not SWD	11977	1498	85.7	680	3200	26.7	59	12.5	5	1.8	10263
2009	BRONX	448	1727	SWD	3522	1094	56.2	651	253	7.2	49	31.1	5	12.7	1980
2010	BRONX	786	4617	Not SWD	12034	4615	55.1	679	2016	16.8	38.4	38.3	5	6.5	6633
2010	BRONX	933	714	SWD	3486	1711	24.2	653	128	3.7	20.5	49.1	5	26.8	842
2011	BRONX	692	5250	Not SWD	12138	4363	58.4	681	1833	15.1	43.3	35.9	5	5.7	7083
2011	BRONX	869	866	SWD	3568	1728	27.2	656	105	2.9	24.3	48.4	5	24.4	971
2012	BRONX	812	4772	Not SWD	12016	3938	60.5	682	2494	20.8	39.7	32.8	5	6.8	7266
2012	BRONX	1049	872	SWD	3708	1595	28.7	654	192	5.2	23.5	43	5	28.3	1064
2006	BRONX	2537	5153	Not SWD	13147	4808	44.1	643	649	4.9	39.2	36.6	6	19.3	5802
2006	BRONX	1558	314	SWD	2684	790	12.5	605	22	0.8	11.7	29.4	6	58	336
2007	BRONX	1418	6010	Not SWD	12601	4083	56.3	654	1090	8.7	47.7	32.4	6	11.3	7100
2007	BRONX	1444	506	SWD	3021	1045	17.6	615	26	0.9	16.7	34.6	6	47.8	532
2008	BRONX	694	6671	Not SWD	12029	3131	68.2	662	1533	12.7	55.5	26	6	5.8	8204
2008	BRONX	1143	870	SWD	3346	1276	27.7	625	57	1.7	26	38.1	6	34.2	927
2009	BRONX	369	7187	Not SWD	11845	2430	76.4	670	1859	15.7	60.7	20.5	6	3.1	9046
2009	BRONX	862	1198	SWD	3595	1426	36.4	637	109	3	33.3	39.7	6	24	1307
2010	BRONX	1157	3802	Not SWD	11853	4973	48.3	672	1921	16.2	32.1	42	6	9.8	5723
2010	BRONX	1423	448	SWD	3555	1599	15	640	85	2.4	12.6	45	6	40	533
2011	BRONX	1147	4303	Not SWD	11946	4783	50.4	673	1713	14.3	36	40	6	9.6	6016
2011	BRONX	1384	468	SWD	3447	1530	15.5	644	65	1.9	13.6	44.4	6	40.2	533
2012	BRONX	1104	4173	Not SWD	11985	4429	53.8	675	2279	19	34.8	37	6	9.2	6452
2012	BRONX	1240	595	SWD	3563	1582	20.8	645	146	4.1	16.7	44.4	6	34.8	741
2006	BRONX	2656	4534	Not SWD	14006	6458	34.9	635	358	2.6	32.4	46.1	7	19	4892
2006	BRONX	1536	192	SWD	2649	915	7.5	597	6	0.2	7.2	34.5	7	58	198
2007	BRONX	1330	5556	Not SWD	13350	5533	48.6	649	931	7	41.6	41.4	7	10	6487
2007	BRONX	1241	378	SWD	2856	1213	14.1	612	24	0.8	13.2	42.5	7	43.5	402
2008	BRONX	472	7085	Not SWD	12778	3959	65.3	659	1262	9.9	55.4	31	7	3.7	8347
2008	BRONX	879	762	SWD	3253	1587	24.2	624	25	0.8	23.4	48.8	7	27	787
2009	BRONX	148	8047	Not SWD	12017	2244	80.1	668	1578	13.1	67	18.7	7	1.2	9625
2009	BRONX	351	1504	SWD	3594	1689	43.2	643	50	1.4	41.8	47	7	9.8	1554
2010	BRONX	1302	3859	Not SWD	11962	5086	46.6	667	1715	14.3	32.3	42.5	7	10.9	5574
2010	BRONX	1478	402	SWD	3592	1640	13.2	639	72	2	11.2	45.7	7	41.1	474
2011	BRONX	1199	3984	Not SWD	11935	4926	48.7	669	1826	15.3	33.4	41.3	7	10	5810
2011	BRONX	1334	492	SWD	3520	1602	16.6	643	92	2.6	14	45.5	7	37.9	584
2012	BRONX	1173	4030	Not SWD	11908	4737	50.4	670	1968	16.5	33.8	39.8	7	9.9	5998
2012	BRONX	1473	447	SWD	3476	1499	14.5	639	57	1.6	12.9	43.1	7	42.4	504
2006	BRONX	3735	3754	Not SWD	13994	6136	29.5	633	369	2.6	26.8	43.8	8	26.7	4123
2006	BRONX	1813	120	SWD	2744	806	4.6	593	5	0.2	4.4	29.4	8	66.1	125
2007	BRONX	2785	4545	Not SWD	13846	6025	36.4	640	491	3.5	32.8	43.5	8	20.1	5036
2007	BRONX	1715	234	SWD	2883	928	8.3	606	6	0.2	8.1	32.2	8	59.5	240
2008	BRONX	1115	6062	Not SWD	12775	4749	54.1	653	849	6.6	47.5	37.2	8	8.7	6911
2008	BRONX	1295	472	SWD	3037	1249	16.2	617	21	0.7	15.5	41.1	8	42.6	493
2009	BRONX	341	7746	Not SWD	12688	3388	70.6	665	1213	9.6	61	26.7	8	2.7	8959
2009	BRONX	683	1038	SWD	3366	1625	31.4	635	20	0.6	30.8	48.3	8	20.3	1058
2010	BRONX	1624	3429	Not SWD	12372	6129	37.3	667	1190	9.6	27.7	49.5	8	13.1	4619
2010	BRONX	1589	280	SWD	3527	1636	8.6	640	22	0.6	7.9	46.4	8	45.1	302
2011	BRONX	1305	4501	Not SWD	12284	5402	45.4	669	1076	8.8	36.6	44	8	10.6	5577
2011	BRONX	1365	469	SWD	3469	1593	14.7	639	42	1.2	13.5	45.9	8	39.3	511
2012	BRONX	919	4609	Not SWD	11887	5139	49	672	1220	10.3	38.8	43.2	8	7.7	5829
2012	BRONX	1162	586	SWD	3469	1679	18.1	647	42	1.2	16.9	48.4	8	33.5	628
2006	BRONX	12928	34101	Not SWD	81332	27511	50.3	649	6792	8.4	41.9	33.8	All Grades	15.9	40893
2006	BRONX	8156	2984	SWD	16528	5124	19.7	614	264	1.6	18.1	31	All Grades	49.3	3248
2007	BRONX	7673	38012	Not SWD	78793	23877	60	659	9231	11.7	48.2	30.3	All Grades	9.7	47243
2007	BRONX	7371	4217	SWD	18279	6246	25.5	624	445	2.4	23.1	34.2	All Grades	40.3	4662
2008	BRONX	3472	43927	Not SWD	74917	17304	72.3	667	10214	13.6	58.6	23.1	All Grades	4.6	54141
2008	BRONX	5436	6409	SWD	19444	7096	35.5	634	503	2.6	33	36.5	All Grades	28	6912
2009	BRONX	1493	46372	Not SWD	73322	11705	82	676	13752	18.8	63.2	16	All Grades	2	60124
2009	BRONX	3214	9064	SWD	20622	7443	48.3	646	901	4.4	44	36.1	All Grades	15.6	9965
2010	BRONX	6967	24253	Not SWD	73121	30926	48.2	675	10975	15	33.2	42.3	All Grades	9.5	35228
2010	BRONX	7487	3159	SWD	21032	9780	17.9	649	606	2.9	15	46.5	All Grades	35.6	3765
2011	BRONX	6372	28129	Not SWD	73121	29294	51.2	676	9326	12.8	38.5	40.1	All Grades	8.7	37455
2011	BRONX	7020	3757	SWD	20918	9660	20.3	651	481	2.3	18	46.2	All Grades	33.6	4238
2012	BRONX	6165	27616	Not SWD	72432	27393	53.7	678	11258	15.5	38.1	37.8	All Grades	8.5	38874
2012	BRONX	6910	4005	SWD	21016	9390	22.4	652	711	3.4	19.1	44.7	All Grades	32.9	4716
2006	BROOKLYN	1124	10688	Not SWD	20062	2867	80.1	679	5383	26.8	53.3	14.3	3	5.6	16071
2006	BROOKLYN	899	1132	SWD	2991	775	44	641	185	6.2	37.8	25.9	3	30.1	1317
2007	BROOKLYN	539	10488	Not SWD	19471	1976	87.1	689	6468	33.2	53.9	10.1	3	2.8	16956
2007	BROOKLYN	699	1434	SWD	3290	887	51.8	651	270	8.2	43.6	27	3	21.2	1704
2008	BROOKLYN	273	11903	Not SWD	18479	1360	91.2	689	4943	26.7	64.4	7.4	3	1.5	16846
2008	BROOKLYN	463	1907	SWD	3403	774	63.6	658	259	7.6	56	22.7	3	13.6	2166
2009	BROOKLYN	101	12165	Not SWD	18233	814	95	694	5153	28.3	66.7	4.5	3	0.6	17318
2009	BROOKLYN	206	2295	SWD	3585	781	72.5	666	303	8.5	64	21.8	3	5.7	2598
2010	BROOKLYN	1571	6285	Not SWD	18355	5980	58.9	694	4519	24.6	34.2	32.6	3	8.6	10804
2010	BROOKLYN	1190	754	SWD	3713	1521	27	671	248	6.7	20.3	41	3	32	1002
2011	BROOKLYN	1568	8519	Not SWD	18484	5886	59.7	687	2511	13.6	46.1	31.8	3	8.5	11030
2011	BROOKLYN	1045	953	SWD	3704	1569	29.4	671	137	3.7	25.7	42.4	3	28.2	1090
2012	BROOKLYN	1479	8742	Not SWD	18318	5525	61.8	689	2572	14	47.7	30.2	3	8.1	11314
2012	BROOKLYN	1036	1068	SWD	3838	1574	32	674	160	4.2	27.8	41	3	27	1228
2006	BROOKLYN	1117	10203	Not SWD	19439	3401	76.8	676	4718	24.3	52.5	17.5	4	5.7	14921
2006	BROOKLYN	1162	1005	SWD	3155	856	36	631	132	4.2	31.9	27.1	4	36.8	1137
2007	BROOKLYN	784	10096	Not SWD	18807	2875	80.5	681	5052	26.9	53.7	15.3	4	4.2	15148
2007	BROOKLYN	997	1228	SWD	3506	1085	40.6	640	196	5.6	35	30.9	4	28.4	1424
2008	BROOKLYN	555	10167	Not SWD	18548	2166	85.3	685	5660	30.5	54.8	11.7	4	3	15827
2008	BROOKLYN	862	1511	SWD	3576	990	48.2	645	213	6	42.3	27.7	4	24.1	1724
2009	BROOKLYN	322	9118	Not SWD	18015	1504	89.9	695	7071	39.3	50.6	8.3	4	1.8	16189
2009	BROOKLYN	631	1811	SWD	3715	842	60.3	658	431	11.6	48.7	22.7	4	17	2242
2010	BROOKLYN	734	6690	Not SWD	18240	5772	64.3	689	5044	27.7	36.7	31.6	4	4	11734
2010	BROOKLYN	831	879	SWD	3865	1882	29.8	659	273	7.1	22.7	48.7	4	21.5	1152
2011	BROOKLYN	688	7125	Not SWD	18222	5252	67.4	690	5157	28.3	39.1	28.8	4	3.8	12282
2011	BROOKLYN	830	960	SWD	3895	1881	30.4	660	224	5.8	24.6	48.3	4	21.3	1184
2012	BROOKLYN	616	6894	Not SWD	17793	4452	71.5	694	5831	32.8	38.7	25	4	3.5	12725
2012	BROOKLYN	713	1080	SWD	3902	1660	39.2	666	449	11.5	27.7	42.5	4	18.3	1529
2006	BROOKLYN	1728	9606	Not SWD	20047	4840	67.2	666	3873	19.3	47.9	24.1	5	8.6	13479
2006	BROOKLYN	1192	694	SWD	3025	1054	25.8	626	85	2.8	22.9	34.8	5	39.4	779
2007	BROOKLYN	689	10277	Not SWD	19255	3534	78.1	677	4755	24.7	53.4	18.4	5	3.6	15032
2007	BROOKLYN	1032	1159	SWD	3607	1287	35.7	636	129	3.6	32.1	35.7	5	28.6	1288
2008	BROOKLYN	423	10278	Not SWD	18209	2263	85.2	683	5245	28.8	56.4	12.4	5	2.3	15523
2008	BROOKLYN	636	1598	SWD	3621	1184	49.7	646	203	5.6	44.1	32.7	5	17.6	1801
2009	BROOKLYN	201	9505	Not SWD	17851	1446	90.8	688	6699	37.5	53.2	8.1	5	1.1	16204
2009	BROOKLYN	401	1904	SWD	3731	1121	59.2	655	305	8.2	51	30	5	10.7	2209
2010	BROOKLYN	760	6962	Not SWD	17606	5392	65.1	687	4492	25.5	39.5	30.6	5	4.3	11454
2010	BROOKLYN	900	822	SWD	3762	1840	27.2	657	200	5.3	21.9	48.9	5	23.9	1022
2011	BROOKLYN	670	7568	Not SWD	17670	4882	68.6	689	4550	25.7	42.8	27.6	5	3.8	12118
2011	BROOKLYN	810	1047	SWD	3890	1804	32.8	661	229	5.9	26.9	46.4	5	20.8	1276
2012	BROOKLYN	714	6721	Not SWD	17295	4165	71.8	693	5695	32.9	38.9	24.1	5	4.1	12416
2012	BROOKLYN	869	1084	SWD	3835	1564	36.6	661	318	8.3	28.3	40.8	5	22.7	1402
2006	BROOKLYN	2628	9102	Not SWD	20451	6183	56.9	655	2538	12.4	44.5	30.2	6	12.9	11640
2006	BROOKLYN	1636	389	SWD	2919	864	14.4	607	30	1	13.3	29.6	6	56	419
2007	BROOKLYN	1481	9389	Not SWD	19093	4537	68.5	667	3686	19.3	49.2	23.8	6	7.8	13075
2007	BROOKLYN	1427	646	SWD	3203	1071	22	619	59	1.8	20.2	33.4	6	44.6	705
2008	BROOKLYN	664	9800	Not SWD	18271	3193	78.9	675	4614	25.3	53.6	17.5	6	3.6	14414
2008	BROOKLYN	1015	1086	SWD	3546	1369	32.8	631	76	2.1	30.6	38.6	6	28.6	1162
2009	BROOKLYN	389	10031	Not SWD	17781	2543	83.5	680	4818	27.1	56.4	14.3	6	2.2	14849
2009	BROOKLYN	706	1418	SWD	3647	1366	43.2	643	157	4.3	38.9	37.5	6	19.4	1575
2010	BROOKLYN	1197	5789	Not SWD	17799	6039	59.3	681	4774	26.8	32.5	33.9	6	6.7	10563
2010	BROOKLYN	1327	478	SWD	3596	1684	16.3	643	107	3	13.3	46.8	6	36.9	585
2011	BROOKLYN	1300	6082	Not SWD	17601	5491	61.4	683	4728	26.9	34.6	31.2	6	7.4	10810
2011	BROOKLYN	1153	668	SWD	3701	1697	23	652	183	4.9	18	45.9	6	31.2	851
2012	BROOKLYN	1128	5789	Not SWD	17477	5026	64.8	685	5534	31.7	33.1	28.8	6	6.5	11323
2012	BROOKLYN	1043	805	SWD	3858	1776	26.9	652	234	6.1	20.9	46	6	27	1039
2006	BROOKLYN	3009	8210	Not SWD	20721	7751	48.1	646	1751	8.5	39.6	37.4	7	14.5	9961
2006	BROOKLYN	1583	267	SWD	2887	1028	9.6	600	9	0.3	9.2	35.6	7	54.8	276
2007	BROOKLYN	1497	9094	Not SWD	20409	6581	60.4	660	3237	15.9	44.6	32.2	7	7.3	12331
2007	BROOKLYN	1247	472	SWD	3219	1469	15.6	616	31	1	14.7	45.6	7	38.7	503
2008	BROOKLYN	558	10340	Not SWD	19344	4362	74.6	669	4084	21.1	53.5	22.5	7	2.9	14424
2008	BROOKLYN	824	924	SWD	3373	1566	29.1	628	59	1.7	27.4	46.4	7	24.4	983
2009	BROOKLYN	164	11261	Not SWD	18512	2255	86.9	679	4832	26.1	60.8	12.2	7	0.9	16093
2009	BROOKLYN	318	1587	SWD	3591	1577	47.2	646	109	3	44.2	43.9	7	8.9	1696
2010	BROOKLYN	1320	5964	Not SWD	18277	6260	58.5	676	4733	25.9	32.6	34.3	7	7.2	10697
2010	BROOKLYN	1320	500	SWD	3502	1578	17.2	642	104	3	14.3	45.1	7	37.7	604
2011	BROOKLYN	1181	5853	Not SWD	18036	5738	61.6	679	5264	29.2	32.5	31.8	7	6.5	11117
2011	BROOKLYN	1221	560	SWD	3584	1627	20.5	647	176	4.9	15.6	45.4	7	34.1	736
2012	BROOKLYN	1157	5689	Not SWD	17413	5125	63.9	681	5442	31.3	32.7	29.4	7	6.6	11131
2012	BROOKLYN	1183	725	SWD	3680	1550	25.7	649	222	6	19.7	42.1	7	32.1	947
2006	BROOKLYN	4024	7497	Not SWD	21217	7929	43.7	645	1767	8.3	35.3	37.4	8	19	9264
2006	BROOKLYN	1757	222	SWD	2866	882	7.9	599	5	0.2	7.7	30.8	8	61.3	227
2007	BROOKLYN	2924	8320	Not SWD	20635	7295	50.5	652	2096	10.2	40.3	35.4	8	14.2	10416
2007	BROOKLYN	1659	292	SWD	3044	1079	10.1	610	14	0.5	9.6	35.4	8	54.5	306
2008	BROOKLYN	1116	9854	Not SWD	19590	5534	66.1	665	3086	15.8	50.3	28.2	8	5.7	12940
2008	BROOKLYN	1261	608	SWD	3208	1305	20	620	34	1.1	19	40.7	8	39.3	642
2009	BROOKLYN	384	11572	Not SWD	19340	4114	76.7	673	3270	16.9	59.8	21.3	8	2	14842
2009	BROOKLYN	696	1106	SWD	3490	1648	32.8	635	40	1.1	31.7	47.2	8	19.9	1146
2010	BROOKLYN	1639	6349	Not SWD	19328	7613	52.1	678	3727	19.3	32.8	39.4	8	8.5	10076
2010	BROOKLYN	1440	319	SWD	3521	1706	10.7	642	56	1.6	9.1	48.5	8	40.9	375
2011	BROOKLYN	1353	7157	Not SWD	18674	6453	58.2	679	3711	19.9	38.3	34.6	8	7.2	10868
2011	BROOKLYN	1203	551	SWD	3500	1681	17.6	643	65	1.9	15.7	48	8	34.4	616
2012	BROOKLYN	848	7221	Not SWD	18011	6083	61.5	682	3859	21.4	40.1	33.8	8	4.7	11080
2012	BROOKLYN	1055	703	SWD	3651	1819	21.3	651	74	2	19.3	49.8	8	28.9	777
2006	BROOKLYN	13630	55306	Not SWD	121937	32971	61.8	661	20030	16.4	45.4	27	All Grades	11.2	75336
2006	BROOKLYN	8229	3709	SWD	17843	5459	23.3	618	446	2.5	20.8	30.6	All Grades	46.1	4155
2007	BROOKLYN	7914	57664	Not SWD	117670	26798	70.5	671	25294	21.5	49	22.8	All Grades	6.7	82958
2007	BROOKLYN	7061	5231	SWD	19869	6878	29.8	629	699	3.5	26.3	34.6	All Grades	35.5	5930
2008	BROOKLYN	3589	62342	Not SWD	112441	18878	80	678	27632	24.6	55.4	16.8	All Grades	3.2	89974
2008	BROOKLYN	5061	7634	SWD	20727	7188	40.9	638	844	4.1	36.8	34.7	All Grades	24.4	8478
2009	BROOKLYN	1561	63652	Not SWD	109732	12676	87	685	31843	29	58	11.6	All Grades	1.4	95495
2009	BROOKLYN	2958	10121	SWD	21759	7335	52.7	650	1345	6.2	46.5	33.7	All Grades	13.6	11466
2010	BROOKLYN	7221	38039	Not SWD	109605	37056	59.6	684	27289	24.9	34.7	33.8	All Grades	6.6	65328
2010	BROOKLYN	7008	3752	SWD	21959	10211	21.6	652	988	4.5	17.1	46.5	All Grades	31.9	4740
2011	BROOKLYN	6760	42304	Not SWD	108687	33702	62.8	684	25921	23.8	38.9	31	All Grades	6.2	68225
2011	BROOKLYN	6262	4739	SWD	22274	10259	25.8	656	1014	4.6	21.3	46.1	All Grades	28.1	5753
2012	BROOKLYN	5942	41056	Not SWD	106307	30376	65.8	687	28933	27.2	38.6	28.6	All Grades	5.6	69989
2012	BROOKLYN	5899	5465	SWD	22764	9943	30.4	659	1457	6.4	24	43.7	All Grades	25.9	6922
2006	MANHATTAN	528	4277	Not SWD	8150	1306	77.5	676	2039	25	52.5	16	3	6.5	6316
2006	MANHATTAN	381	606	SWD	1488	407	47	645	94	6.3	40.7	27.4	3	25.6	700
2007	MANHATTAN	285	4419	Not SWD	7936	911	84.9	685	2321	29.2	55.7	11.5	3	3.6	6740
2007	MANHATTAN	274	744	SWD	1501	356	58	654	127	8.5	49.6	23.7	3	18.3	871
2008	MANHATTAN	97	4781	Not SWD	7460	595	90.7	689	1987	26.6	64.1	8	3	1.3	6768
2008	MANHATTAN	160	865	SWD	1554	419	62.7	660	110	7.1	55.7	27	3	10.3	975
2009	MANHATTAN	47	5042	Not SWD	7602	373	94.5	693	2140	28.2	66.3	4.9	3	0.6	7182
2009	MANHATTAN	77	1048	SWD	1590	333	74.2	667	132	8.3	65.9	20.9	3	4.8	1180
2010	MANHATTAN	586	2554	Not SWD	7313	2218	61.7	696	1955	26.7	34.9	30.3	3	8	4509
2010	MANHATTAN	497	348	SWD	1605	606	31.3	673	154	9.6	21.7	37.8	3	31	502
2011	MANHATTAN	537	3224	Not SWD	7330	2207	62.6	690	1362	18.6	44	30.1	3	7.3	4586
2011	MANHATTAN	447	490	SWD	1676	633	35.6	674	106	6.3	29.2	37.8	3	26.7	596
2012	MANHATTAN	524	3630	Not SWD	7476	2047	65.6	691	1275	17.1	48.6	27.4	3	7	4905
2012	MANHATTAN	439	528	SWD	1729	685	35	674	77	4.5	30.5	39.6	3	25.4	605
2006	MANHATTAN	515	4030	Not SWD	8036	1526	74.6	675	1965	24.5	50.1	19	4	6.4	5995
2006	MANHATTAN	489	582	SWD	1609	439	42.3	638	99	6.2	36.2	27.3	4	30.4	681
2007	MANHATTAN	363	3848	Not SWD	7697	1357	77.7	680	2129	27.7	50	17.6	4	4.7	5977
2007	MANHATTAN	430	585	SWD	1631	502	42.9	644	114	7	35.9	30.8	4	26.4	699
2008	MANHATTAN	247	4038	Not SWD	7517	926	84.4	685	2306	30.7	53.7	12.3	4	3.3	6344
2008	MANHATTAN	322	744	SWD	1640	435	53.8	650	139	8.5	45.4	26.5	4	19.6	883
2009	MANHATTAN	155	3384	Not SWD	7241	633	89.1	696	3069	42.4	46.7	8.7	4	2.1	6453
2009	MANHATTAN	314	776	SWD	1681	387	58.3	657	204	12.1	46.2	23	4	18.7	980
2010	MANHATTAN	300	2546	Not SWD	7503	2227	66.3	693	2430	32.4	33.9	29.7	4	4	4976
2010	MANHATTAN	359	429	SWD	1740	815	32.5	661	137	7.9	24.7	46.8	4	20.6	566
2011	MANHATTAN	251	2705	Not SWD	7293	1820	71.6	695	2517	34.5	37.1	25	4	3.4	5222
2011	MANHATTAN	326	446	SWD	1691	750	36.4	665	169	10	26.4	44.4	4	19.3	615
2012	MANHATTAN	229	2600	Not SWD	7150	1624	74.1	697	2697	37.7	36.4	22.7	4	3.2	5297
2012	MANHATTAN	324	477	SWD	1760	711	41.2	667	248	14.1	27.1	40.4	4	18.4	725
2006	MANHATTAN	866	3688	Not SWD	8157	2055	64.2	665	1548	19	45.2	25.2	5	10.6	5236
2006	MANHATTAN	571	454	SWD	1629	533	32.2	631	71	4.4	27.9	32.7	5	35.1	525
2007	MANHATTAN	301	4000	Not SWD	7633	1541	75.9	675	1791	23.5	52.4	20.2	5	3.9	5791
2007	MANHATTAN	416	603	SWD	1698	616	39.2	638	63	3.7	35.5	36.3	5	24.5	666
2008	MANHATTAN	235	3843	Not SWD	7271	1018	82.8	682	2175	29.9	52.9	14	5	3.2	6018
2008	MANHATTAN	277	721	SWD	1643	555	49.4	647	90	5.5	43.9	33.8	5	16.9	811
2009	MANHATTAN	87	3560	Not SWD	7117	577	90.7	691	2893	40.6	50	8.1	5	1.2	6453
2009	MANHATTAN	148	850	SWD	1607	411	65.2	660	198	12.3	52.9	25.6	5	9.2	1048
2010	MANHATTAN	301	2540	Not SWD	6881	1902	68	690	2138	31.1	36.9	27.6	5	4.4	4678
2010	MANHATTAN	396	398	SWD	1664	741	31.7	659	129	7.8	23.9	44.5	5	23.8	527
2011	MANHATTAN	269	2701	Not SWD	7042	1843	70	692	2229	31.7	38.4	26.2	5	3.8	4930
2011	MANHATTAN	326	463	SWD	1655	740	35.6	663	126	7.6	28	44.7	5	19.7	589
2012	MANHATTAN	336	2395	Not SWD	6815	1564	72.1	696	2520	37	35.1	22.9	5	4.9	4915
2012	MANHATTAN	426	411	SWD	1667	687	33.2	659	143	8.6	24.7	41.2	5	25.6	554
2006	MANHATTAN	1033	3824	Not SWD	8563	2473	59.1	657	1233	14.4	44.7	28.9	6	12.1	5057
2006	MANHATTAN	593	355	SWD	1534	558	25	622	28	1.8	23.1	36.4	6	38.7	383
2007	MANHATTAN	623	3745	Not SWD	7781	1847	68.3	668	1566	20.1	48.1	23.7	6	8	5311
2007	MANHATTAN	520	369	SWD	1435	503	28.7	627	43	3	25.7	35.1	6	36.2	412
2008	MANHATTAN	284	3865	Not SWD	7400	1329	78.2	675	1922	26	52.2	18	6	3.8	5787
2008	MANHATTAN	427	596	SWD	1695	608	38.9	635	64	3.8	35.2	35.9	6	25.2	660
2009	MANHATTAN	140	3751	Not SWD	7198	1024	83.8	683	2283	31.7	52.1	14.2	6	1.9	6034
2009	MANHATTAN	276	659	SWD	1601	606	44.9	646	60	3.7	41.2	37.9	6	17.2	719
2010	MANHATTAN	483	2248	Not SWD	7135	2322	60.7	683	2082	29.2	31.5	32.5	6	6.8	4330
2010	MANHATTAN	499	246	SWD	1542	714	21.3	648	83	5.4	16	46.3	6	32.4	329
2011	MANHATTAN	415	2244	Not SWD	6856	1885	66.5	688	2312	33.7	32.7	27.5	6	6.1	4556
2011	MANHATTAN	460	316	SWD	1587	704	26.7	655	107	6.7	19.9	44.4	6	29	423
2012	MANHATTAN	367	2258	Not SWD	7058	1768	69.8	690	2665	37.8	32	25	6	5.2	4923
2012	MANHATTAN	430	362	SWD	1639	710	30.4	654	137	8.4	22.1	43.3	6	26.2	499
2006	MANHATTAN	1188	3441	Not SWD	8841	3353	48.6	647	859	9.7	38.9	37.9	7	13.4	4300
2006	MANHATTAN	666	207	SWD	1519	626	14.9	611	20	1.3	13.6	41.2	7	43.8	227
2007	MANHATTAN	537	3767	Not SWD	8562	2801	61	661	1457	17	44	32.7	7	6.3	5224
2007	MANHATTAN	430	329	SWD	1488	703	23.9	624	26	1.7	22.1	47.2	7	28.9	355
2008	MANHATTAN	208	4160	Not SWD	7784	1595	76.8	672	1821	23.4	53.4	20.5	7	2.7	5981
2008	MANHATTAN	287	511	SWD	1529	658	38.2	637	73	4.8	33.4	43	7	18.8	584
2009	MANHATTAN	50	4375	Not SWD	7404	817	88.3	682	2162	29.2	59.1	11	7	0.7	6537
2009	MANHATTAN	111	800	SWD	1669	670	53.2	651	88	5.3	47.9	40.1	7	6.7	888
2010	MANHATTAN	477	2307	Not SWD	7343	2329	61.8	679	2230	30.4	31.4	31.7	7	6.5	4537
2010	MANHATTAN	511	265	SWD	1557	719	21	646	62	4	17	46.2	7	32.8	327
2011	MANHATTAN	454	2204	Not SWD	7160	2029	65.3	683	2473	34.5	30.8	28.3	7	6.3	4677
2011	MANHATTAN	424	291	SWD	1508	680	26.8	652	113	7.5	19.3	45.1	7	28.1	404
2012	MANHATTAN	487	2058	Not SWD	6924	1762	67.5	685	2617	37.8	29.7	25.4	7	7	4675
2012	MANHATTAN	536	294	SWD	1609	639	27	649	140	8.7	18.3	39.7	7	33.3	434
2006	MANHATTAN	1554	3289	Not SWD	9019	3325	45.9	648	851	9.4	36.5	36.9	8	17.2	4140
2006	MANHATTAN	781	169	SWD	1475	516	12.1	607	9	0.6	11.5	35	8	52.9	178
2007	MANHATTAN	1245	3535	Not SWD	8778	3142	50	652	856	9.8	40.3	35.8	8	14.2	4391
2007	MANHATTAN	690	188	SWD	1426	540	13.7	615	8	0.6	13.2	37.9	8	48.4	196
2008	MANHATTAN	513	4199	Not SWD	8335	2444	64.5	663	1179	14.1	50.4	29.3	8	6.2	5378
2008	MANHATTAN	488	347	SWD	1539	678	24.2	627	26	1.7	22.5	44.1	8	31.7	373
2009	MANHATTAN	160	4719	Not SWD	7879	1586	77.8	674	1414	17.9	59.9	20.1	8	2	6133
2009	MANHATTAN	272	562	SWD	1525	660	38.9	640	31	2	36.9	43.3	8	17.8	593
2010	MANHATTAN	581	2634	Not SWD	7705	2878	55.1	680	1612	20.9	34.2	37.4	8	7.5	4246
2010	MANHATTAN	576	242	SWD	1618	758	17.6	646	42	2.6	15	46.8	8	35.6	284
2011	MANHATTAN	491	2933	Not SWD	7480	2307	62.6	682	1749	23.4	39.2	30.8	8	6.6	4682
2011	MANHATTAN	481	323	SWD	1582	743	22.6	646	35	2.2	20.4	47	8	30.4	358
2012	MANHATTAN	315	2917	Not SWD	7260	2282	64.2	684	1746	24	40.2	31.4	8	4.3	4663
2012	MANHATTAN	427	356	SWD	1593	745	26.4	654	65	4.1	22.3	46.8	8	26.8	421
2006	MANHATTAN	5684	22549	Not SWD	50766	14038	61.2	661	8495	16.7	44.4	27.7	All Grades	11.2	31044
2006	MANHATTAN	3481	2373	SWD	9254	3079	29.1	626	321	3.5	25.6	33.3	All Grades	37.6	2694
2007	MANHATTAN	3354	23314	Not SWD	48387	11599	69.1	669	10120	20.9	48.2	24	All Grades	6.9	33434
2007	MANHATTAN	2760	2818	SWD	9179	3220	34.9	634	381	4.2	30.7	35.1	All Grades	30.1	3199
2008	MANHATTAN	1584	24886	Not SWD	45767	7907	79.3	677	11390	24.9	54.4	17.3	All Grades	3.5	36276
2008	MANHATTAN	1961	3784	SWD	9600	3353	44.6	643	502	5.2	39.4	34.9	All Grades	20.4	4286
2009	MANHATTAN	639	24831	Not SWD	44441	5010	87.3	686	13961	31.4	55.9	11.3	All Grades	1.4	38792
2009	MANHATTAN	1198	4695	SWD	9673	3067	55.9	653	713	7.4	48.5	31.7	All Grades	12.4	5408
2010	MANHATTAN	2728	14829	Not SWD	43880	13876	62.2	687	12447	28.4	33.8	31.6	All Grades	6.2	27276
2010	MANHATTAN	2838	1928	SWD	9726	4353	26.1	656	607	6.2	19.8	44.8	All Grades	29.2	2535
2011	MANHATTAN	2417	16011	Not SWD	43161	12091	66.4	688	12642	29.3	37.1	28	All Grades	5.6	28653
2011	MANHATTAN	2464	2329	SWD	9699	4250	30.8	659	656	6.8	24	43.8	All Grades	25.4	2985
2012	MANHATTAN	2258	15858	Not SWD	42683	11047	68.8	690	13520	31.7	37.2	25.9	All Grades	5.3	29378
2012	MANHATTAN	2582	2428	SWD	9997	4177	32.4	660	810	8.1	24.3	41.8	All Grades	25.8	3238
2006	QUEENS	544	8555	Not SWD	16690	1589	87.2	689	6002	36	51.3	9.5	3	3.3	14557
2006	QUEENS	512	1164	SWD	2474	560	56.7	653	238	9.6	47	22.6	3	20.7	1402
2007	QUEENS	279	8276	Not SWD	16486	1062	91.9	697	6869	41.7	50.2	6.4	3	1.7	15145
2007	QUEENS	400	1439	SWD	2835	668	62.3	660	328	11.6	50.8	23.6	3	14.1	1767
2008	QUEENS	135	10038	Not SWD	16336	777	94.4	696	5386	33	61.4	4.8	3	0.8	15424
2008	QUEENS	245	1758	SWD	2819	535	72.3	666	281	10	62.4	19	3	8.7	2039
2009	QUEENS	68	10702	Not SWD	17134	544	96.4	700	5820	34	62.5	3.2	3	0.4	16522
2009	QUEENS	111	1983	SWD	2904	527	78	671	283	9.7	68.3	18.1	3	3.8	2266
2010	QUEENS	919	6149	Not SWD	17023	4837	66.2	699	5118	30.1	36.1	28.4	3	5.4	11267
2010	QUEENS	770	692	SWD	3060	1301	32.3	676	297	9.7	22.6	42.5	3	25.2	989
2011	QUEENS	914	8704	Not SWD	17560	4960	66.5	690	2982	17	49.6	28.2	3	5.2	11686
2011	QUEENS	668	965	SWD	3182	1399	35	676	150	4.7	30.3	44	3	21	1115
2012	QUEENS	809	9239	Not SWD	17708	4434	70.4	693	3226	18.2	52.2	25	3	4.6	12465
2012	QUEENS	700	1030	SWD	3235	1371	36	676	134	4.1	31.8	42.4	3	21.6	1164
2006	QUEENS	587	8649	Not SWD	16702	2058	84.2	685	5408	32.4	51.8	12.3	4	3.5	14057
2006	QUEENS	645	1043	SWD	2557	686	47.9	644	183	7.2	40.8	26.8	4	25.2	1226
2007	QUEENS	423	8218	Not SWD	16172	1695	86.9	691	5836	36.1	50.8	10.5	4	2.6	14054
2007	QUEENS	608	1259	SWD	2896	792	51.7	649	237	8.2	43.5	27.3	4	21	1496
2008	QUEENS	298	8405	Not SWD	16125	1244	90.4	693	6178	38.3	52.1	7.7	4	1.8	14583
2008	QUEENS	554	1520	SWD	3149	803	56.9	654	272	8.6	48.3	25.5	4	17.6	1792
2009	QUEENS	191	7568	Not SWD	16097	866	93.4	702	7472	46.4	47	5.4	4	1.2	15040
2009	QUEENS	402	1654	SWD	3097	594	67.8	664	447	14.4	53.4	19.2	4	13	2101
2010	QUEENS	483	6393	Not SWD	17186	4414	71.5	696	5896	34.3	37.2	25.7	4	2.8	12289
2010	QUEENS	569	834	SWD	3207	1549	34	663	255	8	26	48.3	4	17.7	1089
2011	QUEENS	374	6821	Not SWD	16962	3655	76.2	697	6112	36	40.2	21.5	4	2.2	12933
2011	QUEENS	510	970	SWD	3280	1475	39.5	667	325	9.9	29.6	45	4	15.5	1295
2012	QUEENS	354	6569	Not SWD	17157	3351	78.4	700	6883	40.1	38.3	19.5	4	2.1	13452
2012	QUEENS	467	1022	SWD	3382	1463	42.9	669	430	12.7	30.2	43.3	4	13.8	1452
2006	QUEENS	890	8773	Not SWD	17375	3052	77.3	677	4660	26.8	50.5	17.6	5	5.1	13433
2006	QUEENS	723	854	SWD	2556	879	37.3	636	100	3.9	33.4	34.4	5	28.3	954
2007	QUEENS	360	8633	Not SWD	16518	1969	85.9	687	5556	33.6	52.3	11.9	5	2.2	14189
2007	QUEENS	573	1280	SWD	2978	933	49.4	647	192	6.4	43	31.3	5	19.2	1472
2008	QUEENS	205	8516	Not SWD	16097	1267	90.9	692	6109	38	52.9	7.9	5	1.3	14625
2008	QUEENS	378	1565	SWD	3049	863	59.3	654	243	8	51.3	28.3	5	12.4	1808
2009	QUEENS	102	7554	Not SWD	16189	940	93.6	695	7593	46.9	46.7	5.8	5	0.6	15147
2009	QUEENS	256	1766	SWD	3251	798	67.6	663	431	13.3	54.3	24.5	5	7.9	2197
2010	QUEENS	461	6614	Not SWD	16424	3870	73.6	694	5479	33.4	40.3	23.6	5	2.8	12093
2010	QUEENS	554	936	SWD	3203	1442	37.7	664	271	8.5	29.2	45	5	17.3	1207
2011	QUEENS	431	7419	Not SWD	17156	3542	76.8	695	5764	33.6	43.2	20.6	5	2.5	13183
2011	QUEENS	585	998	SWD	3347	1511	37.4	665	253	7.6	29.8	45.1	5	17.5	1251
2012	QUEENS	423	6595	Not SWD	16962	3131	79	700	6813	40.2	38.9	18.5	5	2.5	13408
2012	QUEENS	614	1090	SWD	3398	1330	42.8	667	364	10.7	32.1	39.1	5	18.1	1454
2006	QUEENS	1162	8609	Not SWD	17043	3794	70.9	668	3478	20.4	50.5	22.3	6	6.8	12087
2006	QUEENS	934	533	SWD	2417	893	24.4	622	57	2.4	22.1	36.9	6	38.6	590
2007	QUEENS	680	8821	Not SWD	16943	2466	81.4	681	4976	29.4	52.1	14.6	6	4	13797
2007	QUEENS	700	907	SWD	2600	897	38.6	636	96	3.7	34.9	34.5	6	26.9	1003
2008	QUEENS	355	8241	Not SWD	16273	1810	86.7	686	5867	36.1	50.6	11.1	6	2.2	14108
2008	QUEENS	547	1293	SWD	2926	928	49.6	644	158	5.4	44.2	31.7	6	18.7	1451
2009	QUEENS	261	8366	Not SWD	16251	1345	90.1	690	6279	38.6	51.5	8.3	6	1.6	14645
2009	QUEENS	366	1517	SWD	3112	1027	55.2	653	202	6.5	48.7	33	6	11.8	1719
2010	QUEENS	808	5608	Not SWD	16705	4374	69	688	5915	35.4	33.6	26.2	6	4.8	11523
2010	QUEENS	799	637	SWD	3173	1586	24.8	653	151	4.8	20.1	50	6	25.2	788
2011	QUEENS	690	6096	Not SWD	16647	4036	71.6	690	5825	35	36.6	24.2	6	4.1	11921
2011	QUEENS	762	803	SWD	3236	1462	31.3	659	209	6.5	24.8	45.2	6	23.5	1012
2012	QUEENS	700	5854	Not SWD	17420	3718	74.6	693	7148	41	33.6	21.3	6	4	13002
2012	QUEENS	779	793	SWD	3272	1429	32.5	657	271	8.3	24.2	43.7	6	23.8	1064
2006	QUEENS	1532	7975	Not SWD	17403	5476	59.7	656	2420	13.9	45.8	31.5	7	8.8	10395
2006	QUEENS	891	377	SWD	2251	963	17.6	614	20	0.9	16.7	42.8	7	39.6	397
2007	QUEENS	794	8417	Not SWD	17183	4075	71.7	669	3897	22.7	49	23.7	7	4.6	12314
2007	QUEENS	673	567	SWD	2408	1121	25.5	627	47	2	23.5	46.6	7	27.9	614
2008	QUEENS	308	9067	Not SWD	17066	2566	83.2	679	5125	30	53.1	15	7	1.8	14192
2008	QUEENS	416	1044	SWD	2633	1084	43	640	89	3.4	39.7	41.2	7	15.8	1133
2009	QUEENS	108	9187	Not SWD	16651	1283	91.6	687	6073	36.5	55.2	7.7	7	0.6	15260
2009	QUEENS	148	1640	SWD	2938	988	61.3	655	162	5.5	55.8	33.6	7	5	1802
2010	QUEENS	820	5473	Not SWD	16841	4478	68.5	684	6070	36	32.5	26.6	7	4.9	11543
2010	QUEENS	827	577	SWD	3028	1456	24.6	650	168	5.5	19.1	48.1	7	27.3	745
2011	QUEENS	749	5784	Not SWD	17069	4319	70.3	685	6217	36.4	33.9	25.3	7	4.4	12001
2011	QUEENS	753	709	SWD	3140	1495	28.4	654	183	5.8	22.6	47.6	7	24	892
2012	QUEENS	678	5615	Not SWD	16748	3874	72.8	688	6581	39.3	33.5	23.1	7	4	12196
2012	QUEENS	806	767	SWD	3183	1376	31.4	654	234	7.4	24.1	43.2	7	25.3	1001
2006	QUEENS	2338	6926	Not SWD	17445	5968	52.4	654	2213	12.7	39.7	34.2	8	13.4	9139
2006	QUEENS	1114	195	SWD	2134	814	9.7	607	11	0.5	9.1	38.1	8	52.2	206
2007	QUEENS	1548	8021	Not SWD	17580	5253	61.3	662	2758	15.7	45.6	29.9	8	8.8	10779
2007	QUEENS	894	376	SWD	2224	934	17.8	621	20	0.9	16.9	42	8	40.2	396
2008	QUEENS	644	9159	Not SWD	17159	3630	75.1	674	3726	21.7	53.4	21.2	8	3.8	12885
2008	QUEENS	659	664	SWD	2465	1104	28.5	631	38	1.5	26.9	44.8	8	26.7	702
2009	QUEENS	254	10292	Not SWD	17377	2507	84.1	681	4324	24.9	59.2	14.4	8	1.5	14616
2009	QUEENS	339	1181	SWD	2681	1105	46.1	646	56	2.1	44.1	41.2	8	12.6	1237
2010	QUEENS	921	6154	Not SWD	17451	5532	63	686	4844	27.8	35.3	31.7	8	5.3	10998
2010	QUEENS	839	418	SWD	2838	1502	17.5	650	79	2.8	14.7	52.9	8	29.6	497
2011	QUEENS	783	7075	Not SWD	17209	4764	67.8	686	4587	26.7	41.1	27.7	8	4.5	11662
2011	QUEENS	732	694	SWD	3005	1488	26.1	652	91	3	23.1	49.5	8	24.4	785
2012	QUEENS	508	7366	Not SWD	17266	4591	70.5	688	4801	27.8	42.7	26.6	8	2.9	12167
2012	QUEENS	642	792	SWD	3070	1555	28.4	657	81	2.6	25.8	50.7	8	20.9	873
2006	QUEENS	7053	49487	Not SWD	102658	21937	71.8	671	24181	23.6	48.2	21.4	All Grades	6.9	73668
2006	QUEENS	4819	4166	SWD	14389	4795	33.2	630	609	4.2	29	33.3	All Grades	33.5	4775
2007	QUEENS	4084	50386	Not SWD	100882	16520	79.6	681	29892	29.6	49.9	16.4	All Grades	4	80278
2007	QUEENS	3848	5828	SWD	15941	5345	42.3	641	920	5.8	36.6	33.5	All Grades	24.1	6748
2008	QUEENS	1945	53426	Not SWD	99056	11294	86.6	686	32391	32.7	53.9	11.4	All Grades	2	85817
2008	QUEENS	2799	7844	SWD	17041	5317	52.4	649	1081	6.3	46	31.2	All Grades	16.4	8925
2009	QUEENS	984	53669	Not SWD	99699	7485	91.5	692	37561	37.7	53.8	7.5	All Grades	1	91230
2009	QUEENS	1622	9741	SWD	17983	5039	63	659	1581	8.8	54.2	28	All Grades	9	11322
2010	QUEENS	4412	36391	Not SWD	101630	27505	68.6	691	33322	32.8	35.8	27.1	All Grades	4.3	69713
2010	QUEENS	4358	4094	SWD	18509	8836	28.7	660	1221	6.6	22.1	47.7	All Grades	23.5	5315
2011	QUEENS	3941	41899	Not SWD	102603	25276	71.5	691	31487	30.7	40.8	24.6	All Grades	3.8	73386
2011	QUEENS	4010	5139	SWD	19190	8830	33.1	662	1211	6.3	26.8	46	All Grades	20.9	6350
2012	QUEENS	3472	41238	Not SWD	103261	23099	74.3	693	35452	34.3	39.9	22.4	All Grades	3.4	76690
2012	QUEENS	4008	5494	SWD	19540	8524	35.9	664	1514	7.7	28.1	43.6	All Grades	20.5	7008
2006	STATEN ISLAND	84	1761	Not SWD	3493	269	89.9	692	1379	39.5	50.4	7.7	3	2.4	3140
2006	STATEN ISLAND	204	330	SWD	812	198	50.5	648	80	9.9	40.6	24.4	3	25.1	410
2007	STATEN ISLAND	52	1802	Not SWD	3495	177	93.4	698	1464	41.9	51.6	5.1	3	1.5	3266
2007	STATEN ISLAND	124	456	SWD	870	201	62.6	660	89	10.2	52.4	23.1	3	14.3	545
2008	STATEN ISLAND	29	2113	Not SWD	3486	143	95.1	697	1201	34.5	60.6	4.1	3	0.8	3314
2008	STATEN ISLAND	71	558	SWD	889	190	70.6	665	70	7.9	62.8	21.4	3	8	628
2009	STATEN ISLAND	12	2188	Not SWD	3521	75	97.5	701	1246	35.4	62.1	2.1	3	0.3	3434
2009	STATEN ISLAND	42	683	SWD	998	183	77.5	669	90	9	68.4	18.3	3	4.2	773
2010	STATEN ISLAND	143	1294	Not SWD	3416	871	70.3	701	1108	32.4	37.9	25.5	3	4.2	2402
2010	STATEN ISLAND	241	252	SWD	1000	415	34.4	676	92	9.2	25.2	41.5	3	24.1	344
2011	STATEN ISLAND	125	2002	Not SWD	3609	879	72.2	692	603	16.7	55.5	24.4	3	3.5	2605
2011	STATEN ISLAND	281	345	SWD	1112	452	34.1	674	34	3.1	31	40.6	3	25.3	379
2012	STATEN ISLAND	121	2054	Not SWD	3642	849	73.4	694	618	17	56.4	23.3	3	3.3	2672
2012	STATEN ISLAND	264	399	SWD	1189	478	37.6	676	48	4	33.6	40.2	3	22.2	447
2006	STATEN ISLAND	79	1895	Not SWD	3535	347	87.9	688	1214	34.3	53.6	9.8	4	2.2	3109
2006	STATEN ISLAND	164	330	SWD	741	206	50.1	645	41	5.5	44.5	27.8	4	22.1	371
2007	STATEN ISLAND	66	1818	Not SWD	3434	324	88.6	690	1226	35.7	52.9	9.4	4	1.9	3044
2007	STATEN ISLAND	167	415	SWD	880	247	53	649	51	5.8	47.2	28.1	4	19	466
2008	STATEN ISLAND	35	1840	Not SWD	3368	195	93.2	695	1298	38.5	54.6	5.8	4	1	3138
2008	STATEN ISLAND	140	484	SWD	938	251	58.3	655	63	6.7	51.6	26.8	4	14.9	547
2009	STATEN ISLAND	37	1565	Not SWD	3436	146	94.7	703	1688	49.1	45.5	4.2	4	1.1	3253
2009	STATEN ISLAND	123	513	SWD	947	202	65.7	663	109	11.5	54.2	21.3	4	13	622
2010	STATEN ISLAND	69	1407	Not SWD	3519	840	74.2	696	1203	34.2	40	23.9	4	2	2610
2010	STATEN ISLAND	178	249	SWD	1011	514	31.6	662	70	6.9	24.6	50.8	4	17.6	319
2011	STATEN ISLAND	48	1428	Not SWD	3381	618	80.3	699	1287	38.1	42.2	18.3	4	1.4	2715
2011	STATEN ISLAND	167	333	SWD	1044	445	41.4	668	99	9.5	31.9	42.6	4	16	432
2012	STATEN ISLAND	36	1497	Not SWD	3498	539	83.6	702	1426	40.8	42.8	15.4	4	1	2923
2012	STATEN ISLAND	188	338	SWD	1136	484	40.8	668	126	11.1	29.8	42.6	4	16.5	464
2006	STATEN ISLAND	103	1965	Not SWD	3610	518	82.8	680	1024	28.4	54.4	14.3	5	2.9	2989
2006	STATEN ISLAND	213	223	SWD	725	266	33.9	635	23	3.2	30.8	36.7	5	29.4	246
2007	STATEN ISLAND	37	1983	Not SWD	3516	319	89.9	688	1177	33.5	56.4	9.1	5	1.1	3160
2007	STATEN ISLAND	140	417	SWD	873	274	52.6	648	42	4.8	47.8	31.4	5	16	459
2008	STATEN ISLAND	23	1798	Not SWD	3411	193	93.7	694	1397	41	52.7	5.7	5	0.7	3195
2008	STATEN ISLAND	105	515	SWD	942	265	60.7	654	57	6.1	54.7	28.1	5	11.1	572
2009	STATEN ISLAND	7	1565	Not SWD	3404	106	96.7	699	1726	50.7	46	3.1	5	0.2	3291
2009	STATEN ISLAND	58	568	SWD	953	211	71.8	665	116	12.2	59.6	22.1	5	6.1	684
2010	STATEN ISLAND	65	1503	Not SWD	3463	704	77.8	696	1191	34.4	43.4	20.3	5	1.9	2694
2010	STATEN ISLAND	160	256	SWD	950	479	32.7	663	55	5.8	26.9	50.4	5	16.8	311
2011	STATEN ISLAND	45	1651	Not SWD	3489	617	81	697	1176	33.7	47.3	17.7	5	1.3	2827
2011	STATEN ISLAND	139	359	SWD	1033	466	41.4	668	69	6.7	34.8	45.1	5	13.5	428
2012	STATEN ISLAND	67	1397	Not SWD	3362	555	81.5	700	1343	39.9	41.6	16.5	5	2	2740
2012	STATEN ISLAND	148	365	SWD	1060	423	46.1	671	124	11.7	34.4	39.9	5	14	489
2006	STATEN ISLAND	256	1848	Not SWD	3569	883	68.1	664	582	16.3	51.8	24.7	6	7.2	2430
2006	STATEN ISLAND	305	101	SWD	662	250	16.2	614	6	0.9	15.3	37.8	6	46.1	107
2007	STATEN ISLAND	145	1948	Not SWD	3395	606	77.9	673	696	20.5	57.4	17.8	6	4.3	2644
2007	STATEN ISLAND	245	200	SWD	738	276	29.4	630	17	2.3	27.1	37.4	6	33.2	217
2008	STATEN ISLAND	48	1845	Not SWD	3391	402	86.7	684	1096	32.3	54.4	11.9	6	1.4	2941
2008	STATEN ISLAND	181	329	SWD	836	295	43.1	638	31	3.7	39.4	35.3	6	21.7	360
2009	STATEN ISLAND	40	1785	Not SWD	3321	307	89.6	688	1189	35.8	53.7	9.2	6	1.2	2974
2009	STATEN ISLAND	124	449	SWD	939	321	52.6	650	45	4.8	47.8	34.2	6	13.2	494
2010	STATEN ISLAND	99	1258	Not SWD	3328	883	70.5	688	1088	32.7	37.8	26.5	6	3	2346
2010	STATEN ISLAND	274	146	SWD	917	458	20.2	650	39	4.3	15.9	49.9	6	29.9	185
2011	STATEN ISLAND	108	1299	Not SWD	3334	804	72.6	690	1123	33.7	39	24.1	6	3.2	2422
2011	STATEN ISLAND	213	184	SWD	891	447	25.9	657	47	5.3	20.7	50.2	6	23.9	231
2012	STATEN ISLAND	131	1183	Not SWD	3318	680	75.6	692	1324	39.9	35.7	20.5	6	3.9	2507
2012	STATEN ISLAND	269	244	SWD	984	395	32.5	654	76	7.7	24.8	40.1	6	27.3	320
2006	STATEN ISLAND	254	1848	Not SWD	3641	1104	62.7	658	435	11.9	50.8	30.3	7	7	2283
2006	STATEN ISLAND	258	83	SWD	621	273	14.5	613	7	1.1	13.4	44	7	41.5	90
2007	STATEN ISLAND	130	1838	Not SWD	3602	871	72.2	669	763	21.2	51	24.2	7	3.6	2601
2007	STATEN ISLAND	197	147	SWD	698	345	22.3	624	9	1.3	21.1	49.4	7	28.2	156
2008	STATEN ISLAND	41	1929	Not SWD	3504	512	84.2	679	1022	29.2	55.1	14.6	7	1.2	2951
2008	STATEN ISLAND	106	283	SWD	749	339	40.6	641	21	2.8	37.8	45.3	7	14.2	304
2009	STATEN ISLAND	14	2066	Not SWD	3456	246	92.5	684	1130	32.7	59.8	7.1	7	0.4	3196
2009	STATEN ISLAND	45	478	SWD	881	324	58.1	652	34	3.9	54.3	36.8	7	5.1	512
2010	STATEN ISLAND	111	1209	Not SWD	3348	900	69.8	683	1128	33.7	36.1	26.9	7	3.3	2337
2010	STATEN ISLAND	237	167	SWD	912	469	22.6	649	39	4.3	18.3	51.4	7	26	206
2011	STATEN ISLAND	91	1252	Not SWD	3346	734	75.3	686	1269	37.9	37.4	21.9	7	2.7	2521
2011	STATEN ISLAND	236	206	SWD	929	432	28.1	653	55	5.9	22.2	46.5	7	25.4	261
2012	STATEN ISLAND	108	1204	Not SWD	3279	699	75.4	687	1268	38.7	36.7	21.3	7	3.3	2472
2012	STATEN ISLAND	236	183	SWD	878	406	26.9	652	53	6	20.8	46.2	7	26.9	236
2006	STATEN ISLAND	409	1731	Not SWD	3826	1312	55	655	374	9.8	45.2	34.3	8	10.7	2105
2006	STATEN ISLAND	328	64	SWD	646	254	9.9	609	0	0	9.9	39.3	8	50.8	64
2007	STATEN ISLAND	315	1786	Not SWD	3680	1110	61.3	660	469	12.7	48.5	30.2	8	8.6	2255
2007	STATEN ISLAND	301	112	SWD	700	285	16.3	619	2	0.3	16	40.7	8	43	114
2008	STATEN ISLAND	115	1966	Not SWD	3576	794	74.6	673	701	19.6	55	22.2	8	3.2	2667
2008	STATEN ISLAND	219	160	SWD	724	338	23.1	628	7	1	22.1	46.7	8	30.2	167
2009	STATEN ISLAND	42	2206	Not SWD	3546	561	83	678	737	20.8	62.2	15.8	8	1.2	2943
2009	STATEN ISLAND	92	298	SWD	759	362	40.2	642	7	0.9	39.3	47.7	8	12.1	305
2010	STATEN ISLAND	193	1295	Not SWD	3551	1222	60.2	683	841	23.7	36.5	34.4	8	5.4	2136
2010	STATEN ISLAND	266	127	SWD	861	453	16.5	650	15	1.7	14.8	52.6	8	30.9	142
2011	STATEN ISLAND	160	1598	Not SWD	3458	1016	66	683	684	19.8	46.2	29.4	8	4.6	2282
2011	STATEN ISLAND	244	212	SWD	894	425	25.2	651	13	1.5	23.7	47.5	8	27.3	225
2012	STATEN ISLAND	100	1604	Not SWD	3394	976	68.3	684	714	21	47.3	28.8	8	2.9	2318
2012	STATEN ISLAND	183	168	SWD	886	517	21	655	18	2	19	58.4	8	20.7	186
2006	STATEN ISLAND	1185	11048	Not SWD	21674	4433	74.1	672	5008	23.1	51	20.5	All Grades	5.5	16056
2006	STATEN ISLAND	1472	1131	SWD	4207	1447	30.6	629	157	3.7	26.9	34.4	All Grades	35	1288
2007	STATEN ISLAND	745	11175	Not SWD	21122	3407	80.3	679	5795	27.4	52.9	16.1	All Grades	3.5	16970
2007	STATEN ISLAND	1174	1747	SWD	4759	1628	41.1	640	210	4.4	36.7	34.2	All Grades	24.7	1957
2008	STATEN ISLAND	291	11491	Not SWD	20736	2239	87.8	687	6715	32.4	55.4	10.8	All Grades	1.4	18206
2008	STATEN ISLAND	822	2329	SWD	5078	1678	50.8	648	249	4.9	45.9	33	All Grades	16.2	2578
2009	STATEN ISLAND	152	11375	Not SWD	20684	1441	92.3	692	7716	37.3	55	7	All Grades	0.7	19091
2009	STATEN ISLAND	484	2989	SWD	5477	1603	61.9	657	401	7.3	54.6	29.3	All Grades	8.8	3390
2010	STATEN ISLAND	680	7966	Not SWD	20625	5420	70.4	691	6559	31.8	38.6	26.3	All Grades	3.3	14525
2010	STATEN ISLAND	1356	1197	SWD	5651	2788	26.7	659	310	5.5	21.2	49.3	All Grades	24	1507
2011	STATEN ISLAND	577	9230	Not SWD	20617	4668	74.6	691	6142	29.8	44.8	22.6	All Grades	2.8	15372
2011	STATEN ISLAND	1280	1639	SWD	5903	2667	33.1	663	317	5.4	27.8	45.2	All Grades	21.7	1956
2012	STATEN ISLAND	563	8939	Not SWD	20493	4298	76.3	693	6693	32.7	43.6	21	All Grades	2.7	15632
2012	STATEN ISLAND	1288	1697	SWD	6133	2703	34.9	664	445	7.3	27.7	44.1	All Grades	21	2142
